{
  "val-loss": 3.718116034836066,
  "val-perplexity": 41.18672661200058
}